query_id,document_id,relevance
1,8,3.0
1,9,3.0
1,10,3.0
1,7,3.0
1,6,2.0
1,685,0.0
1,684,0.0
1,683,0.0
1,20,0.0
2,8,3.0
2,9,3.0
2,10,3.0
2,7,3.0
2,6,2.0
2,685,0.0
2,684,0.0
2,683,0.0
2,20,0.0
3,6,3.0
3,8,2.0
3,9,2.0
3,10,2.0
3,7,2.0
3,16,0.0
3,11,0.0
3,1,0.0
3,682,0.0
4,6,3.0
4,8,2.0
4,9,2.0
4,10,2.0
4,7,2.0
4,16,0.0
4,11,0.0
4,1,0.0
4,682,0.0
5,40,3.0
5,36,3.0
5,38,3.0
5,34,0.0
5,35,0.0
5,37,0.0
5,39,0.0
5,41,0.0
5,139,0.0
5,140,0.0
5,137,0.0
5,64,0.0
6,40,3.0
6,36,3.0
6,38,3.0
6,34,0.0
6,35,0.0
6,37,0.0
6,39,0.0
6,41,0.0
6,139,0.0
6,140,0.0
6,137,0.0
6,64,0.0
7,41,3.0
7,37,3.0
7,39,3.0
7,34,2.0
7,35,0.0
7,36,0.0
7,38,0.0
7,40,0.0
7,140,0.0
7,332,0.0
7,139,0.0
7,138,0.0
8,41,3.0
8,37,3.0
8,39,3.0
8,34,2.0
8,35,0.0
8,36,0.0
8,38,0.0
8,40,0.0
8,140,0.0
8,332,0.0
8,139,0.0
8,138,0.0
9,34,3.0
9,35,0.0
9,36,0.0
9,37,2.0
9,38,0.0
9,39,2.0
9,40,0.0
9,41,2.0
9,133,0.0
9,60,0.0
9,125,0.0
9,159,0.0
10,34,3.0
10,35,0.0
10,36,0.0
10,37,2.0
10,38,0.0
10,39,2.0
10,40,0.0
10,41,2.0
10,133,0.0
10,60,0.0
10,125,0.0
10,159,0.0
11,35,3.0
11,34,0.0
11,36,0.0
11,37,0.0
11,38,0.0
11,39,0.0
11,40,0.0
11,41,0.0
11,61,0.0
11,134,0.0
11,151,0.0
11,160,0.0
12,35,3.0
12,34,0.0
12,36,0.0
12,37,0.0
12,38,0.0
12,39,0.0
12,40,0.0
12,41,0.0
12,61,0.0
12,134,0.0
12,151,0.0
12,160,0.0
13,45,3.0
13,47,3.0
13,48,0.0
13,43,0.0
13,44,0.0
13,46,0.0
13,32,0.0
13,30,0.0
13,576,0.0
13,403,0.0
14,45,3.0
14,47,3.0
14,48,0.0
14,43,0.0
14,44,0.0
14,46,0.0
14,32,0.0
14,30,0.0
14,576,0.0
14,403,0.0
15,48,3.0
15,46,3.0
15,43,2.0
15,44,0.0
15,45,0.0
15,47,0.0
15,576,0.0
15,574,0.0
15,32,0.0
15,33,0.0
16,48,3.0
16,46,3.0
16,43,2.0
16,44,0.0
16,45,0.0
16,47,0.0
16,576,0.0
16,574,0.0
16,32,0.0
16,33,0.0
17,43,3.0
17,44,0.0
17,45,0.0
17,46,2.0
17,47,0.0
17,48,2.0
17,28,0.0
17,183,0.0
17,153,0.0
17,572,0.0
18,43,3.0
18,44,0.0
18,45,0.0
18,46,2.0
18,47,0.0
18,48,2.0
18,28,0.0
18,183,0.0
18,153,0.0
18,572,0.0
19,44,3.0
19,43,0.0
19,45,0.0
19,46,0.0
19,47,0.0
19,48,0.0
19,29,0.0
19,572,0.0
19,571,0.0
19,154,0.0
20,44,3.0
20,43,0.0
20,45,0.0
20,46,0.0
20,47,0.0
20,48,0.0
20,29,0.0
20,572,0.0
20,571,0.0
20,154,0.0
21,59,3.0
21,150,0.0
21,152,0.0
21,149,0.0
21,134,0.0
22,59,3.0
22,150,0.0
22,152,0.0
22,149,0.0
22,134,0.0
23,105,3.0
23,107,3.0
23,103,3.0
23,101,0.0
23,102,0.0
23,104,0.0
23,106,0.0
23,108,0.0
23,90,0.0
23,88,0.0
23,191,0.0
23,86,0.0
24,105,3.0
24,107,3.0
24,103,3.0
24,101,0.0
24,102,0.0
24,104,0.0
24,106,0.0
24,108,0.0
24,90,0.0
24,88,0.0
24,191,0.0
24,86,0.0
25,104,3.0
25,106,3.0
25,108,3.0
25,101,2.0
25,102,0.0
25,103,0.0
25,105,0.0
25,107,0.0
25,191,0.0
25,421,0.0
25,268,0.0
25,526,0.0
26,104,3.0
26,106,3.0
26,108,3.0
26,101,2.0
26,102,0.0
26,103,0.0
26,105,0.0
26,107,0.0
26,191,0.0
26,421,0.0
26,268,0.0
26,526,0.0
27,101,3.0
27,102,0.0
27,103,0.0
27,104,2.0
27,105,0.0
27,106,2.0
27,107,0.0
27,108,2.0
27,191,0.0
27,84,0.0
27,117,0.0
27,175,0.0
28,101,3.0
28,102,0.0
28,103,0.0
28,104,2.0
28,105,0.0
28,106,2.0
28,107,0.0
28,108,2.0
28,191,0.0
28,84,0.0
28,117,0.0
28,175,0.0
29,102,3.0
29,101,0.0
29,103,0.0
29,104,0.0
29,105,0.0
29,106,0.0
29,107,0.0
29,108,0.0
29,191,0.0
29,77,0.0
29,85,0.0
29,118,0.0
30,102,3.0
30,101,0.0
30,103,0.0
30,104,0.0
30,105,0.0
30,106,0.0
30,107,0.0
30,108,0.0
30,191,0.0
30,77,0.0
30,85,0.0
30,118,0.0
31,137,3.0
31,139,3.0
31,135,3.0
31,133,0.0
31,134,0.0
31,136,0.0
31,138,0.0
31,140,0.0
31,40,0.0
31,147,0.0
31,149,0.0
31,625,0.0
32,137,3.0
32,139,3.0
32,135,3.0
32,133,0.0
32,134,0.0
32,136,0.0
32,138,0.0
32,140,0.0
32,40,0.0
32,147,0.0
32,149,0.0
32,625,0.0
33,136,3.0
33,138,3.0
33,140,3.0
33,133,2.0
33,134,0.0
33,135,0.0
33,137,0.0
33,139,0.0
33,41,0.0
33,39,0.0
33,149,0.0
33,625,0.0
34,136,3.0
34,138,3.0
34,140,3.0
34,133,2.0
34,134,0.0
34,135,0.0
34,137,0.0
34,139,0.0
34,41,0.0
34,39,0.0
34,149,0.0
34,625,0.0
35,133,3.0
35,134,0.0
35,135,0.0
35,136,2.0
35,137,0.0
35,138,2.0
35,139,0.0
35,140,2.0
35,149,0.0
35,34,0.0
35,152,0.0
35,141,0.0
36,133,3.0
36,134,0.0
36,135,0.0
36,136,2.0
36,137,0.0
36,138,2.0
36,139,0.0
36,140,2.0
36,149,0.0
36,34,0.0
36,152,0.0
36,141,0.0
37,134,3.0
37,133,0.0
37,135,0.0
37,136,0.0
37,137,0.0
37,138,0.0
37,139,0.0
37,140,0.0
37,149,0.0
37,152,0.0
37,59,0.0
37,150,0.0
38,134,3.0
38,133,0.0
38,135,0.0
38,136,0.0
38,137,0.0
38,138,0.0
38,139,0.0
38,140,0.0
38,149,0.0
38,152,0.0
38,59,0.0
38,150,0.0
39,151,3.0
39,152,0.0
39,59,0.0
39,150,0.0
39,133,0.0
40,151,3.0
40,152,0.0
40,59,0.0
40,150,0.0
40,133,0.0
41,161,3.0
41,163,3.0
41,165,3.0
41,160,0.0
41,162,0.0
41,164,0.0
41,166,0.0
41,159,0.0
41,181,0.0
41,173,0.0
41,179,0.0
41,174,0.0
42,161,3.0
42,163,3.0
42,165,3.0
42,160,0.0
42,162,0.0
42,164,0.0
42,166,0.0
42,159,0.0
42,181,0.0
42,173,0.0
42,179,0.0
42,174,0.0
43,162,3.0
43,164,3.0
43,166,3.0
43,160,0.0
43,161,0.0
43,163,0.0
43,165,0.0
43,159,2.0
43,174,0.0
43,642,0.0
43,182,0.0
43,332,0.0
44,162,3.0
44,164,3.0
44,166,3.0
44,160,0.0
44,161,0.0
44,163,0.0
44,165,0.0
44,159,2.0
44,174,0.0
44,642,0.0
44,182,0.0
44,332,0.0
45,159,3.0
45,160,0.0
45,161,0.0
45,162,2.0
45,163,0.0
45,164,2.0
45,165,0.0
45,166,2.0
45,167,0.0
45,175,0.0
45,189,0.0
45,60,0.0
46,159,3.0
46,160,0.0
46,161,0.0
46,162,2.0
46,163,0.0
46,164,2.0
46,165,0.0
46,166,2.0
46,167,0.0
46,175,0.0
46,189,0.0
46,60,0.0
47,160,3.0
47,161,0.0
47,162,0.0
47,163,0.0
47,164,0.0
47,165,0.0
47,166,0.0
47,159,0.0
47,189,0.0
47,176,0.0
47,168,0.0
47,35,0.0
48,160,3.0
48,161,0.0
48,162,0.0
48,163,0.0
48,164,0.0
48,165,0.0
48,166,0.0
48,159,0.0
48,189,0.0
48,176,0.0
48,168,0.0
48,35,0.0
49,185,3.0
49,187,3.0
49,184,0.0
49,186,0.0
49,188,0.0
49,183,0.0
49,155,0.0
49,501,0.0
49,45,0.0
49,243,0.0
50,185,3.0
50,187,3.0
50,184,0.0
50,186,0.0
50,188,0.0
50,183,0.0
50,155,0.0
50,501,0.0
50,45,0.0
50,243,0.0
51,186,3.0
51,188,3.0
51,184,0.0
51,185,0.0
51,187,0.0
51,183,2.0
51,501,0.0
51,396,0.0
51,499,0.0
51,243,0.0
52,186,3.0
52,188,3.0
52,184,0.0
52,185,0.0
52,187,0.0
52,183,2.0
52,501,0.0
52,396,0.0
52,499,0.0
52,243,0.0
53,183,3.0
53,184,0.0
53,185,0.0
53,186,2.0
53,187,0.0
53,188,2.0
53,43,0.0
53,153,0.0
53,60,0.0
53,49,0.0
54,183,3.0
54,184,0.0
54,185,0.0
54,186,2.0
54,187,0.0
54,188,2.0
54,43,0.0
54,153,0.0
54,60,0.0
54,49,0.0
55,184,3.0
55,183,0.0
55,185,0.0
55,186,0.0
55,187,0.0
55,188,0.0
55,44,0.0
55,241,0.0
55,154,0.0
55,242,0.0
56,184,3.0
56,183,0.0
56,185,0.0
56,186,0.0
56,187,0.0
56,188,0.0
56,44,0.0
56,241,0.0
56,154,0.0
56,242,0.0
57,191,3.0
57,101,0.0
57,102,0.0
57,104,0.0
57,106,0.0
58,191,3.0
58,101,0.0
58,102,0.0
58,104,0.0
58,106,0.0
59,204,3.0
59,205,3.0
59,206,3.0
59,207,3.0
59,193,1.0
59,194,1.0
59,195,1.0
59,196,1.0
59,202,0.0
59,201,0.0
59,236,0.0
59,238,0.0
60,204,3.0
60,205,3.0
60,206,3.0
60,207,3.0
60,193,1.0
60,194,1.0
60,195,1.0
60,196,1.0
60,202,0.0
60,201,0.0
60,236,0.0
60,238,0.0
61,212,3.0
61,213,3.0
61,214,3.0
61,215,3.0
61,216,3.0
61,217,3.0
61,218,3.0
61,219,3.0
61,220,3.0
61,221,3.0
61,222,3.0
61,223,3.0
61,193,1.0
61,194,1.0
61,195,1.0
61,196,1.0
61,244,0.0
61,245,0.0
61,693,0.0
61,633,0.0
62,212,3.0
62,213,3.0
62,214,3.0
62,215,3.0
62,216,3.0
62,217,3.0
62,218,3.0
62,219,3.0
62,220,3.0
62,221,3.0
62,222,3.0
62,223,3.0
62,193,1.0
62,194,1.0
62,195,1.0
62,196,1.0
62,244,0.0
62,245,0.0
62,693,0.0
62,633,0.0
63,224,3.0
63,225,3.0
63,226,3.0
63,193,1.0
63,194,1.0
63,195,1.0
63,196,1.0
63,357,0.0
63,356,0.0
63,355,0.0
63,354,0.0
64,224,3.0
64,225,3.0
64,226,3.0
64,193,1.0
64,194,1.0
64,195,1.0
64,196,1.0
64,357,0.0
64,356,0.0
64,355,0.0
64,354,0.0
65,232,3.0
65,233,3.0
65,230,3.0
65,231,3.0
65,193,1.0
65,194,1.0
65,195,1.0
65,196,1.0
65,140,0.0
65,240,0.0
65,206,0.0
65,139,0.0
66,232,3.0
66,233,3.0
66,230,3.0
66,231,3.0
66,193,1.0
66,194,1.0
66,195,1.0
66,196,1.0
66,140,0.0
66,240,0.0
66,206,0.0
66,139,0.0
67,234,3.0
67,235,3.0
67,236,3.0
67,193,1.0
67,194,1.0
67,195,1.0
67,196,1.0
67,158,0.0
67,380,0.0
67,446,0.0
67,156,0.0
68,234,3.0
68,235,3.0
68,236,3.0
68,193,1.0
68,194,1.0
68,195,1.0
68,196,1.0
68,158,0.0
68,380,0.0
68,446,0.0
68,156,0.0
69,241,3.0
69,242,3.0
69,243,3.0
69,193,1.0
69,194,1.0
69,195,1.0
69,196,1.0
69,238,0.0
69,395,0.0
69,501,0.0
69,393,0.0
70,241,3.0
70,242,3.0
70,243,3.0
70,193,1.0
70,194,1.0
70,195,1.0
70,196,1.0
70,238,0.0
70,395,0.0
70,501,0.0
70,393,0.0
71,246,3.0
71,247,0.0
71,248,0.0
71,249,0.0
71,250,0.0
71,251,0.0
71,252,0.0
71,253,0.0
71,254,0.0
71,256,1.0
71,257,1.0
71,258,1.0
71,255,1.0
71,269,0.0
71,260,0.0
71,456,0.0
71,333,0.0
72,246,3.0
72,247,0.0
72,248,0.0
72,249,0.0
72,250,0.0
72,251,0.0
72,252,0.0
72,253,0.0
72,254,0.0
72,256,1.0
72,257,1.0
72,258,1.0
72,255,1.0
72,269,0.0
72,260,0.0
72,456,0.0
72,333,0.0
73,249,3.0
73,251,3.0
73,253,3.0
73,246,0.0
73,247,0.0
73,248,0.0
73,250,0.0
73,252,0.0
73,254,0.0
73,256,1.0
73,257,1.0
73,258,1.0
73,255,1.0
73,272,0.0
73,263,0.0
73,265,0.0
73,267,0.0
74,249,3.0
74,251,3.0
74,253,3.0
74,246,0.0
74,247,0.0
74,248,0.0
74,250,0.0
74,252,0.0
74,254,0.0
74,256,1.0
74,257,1.0
74,258,1.0
74,255,1.0
74,272,0.0
74,263,0.0
74,265,0.0
74,267,0.0
75,247,3.0
75,246,0.0
75,248,2.0
75,249,0.0
75,250,0.0
75,251,0.0
75,252,0.0
75,253,0.0
75,254,0.0
75,256,1.0
75,257,1.0
75,258,1.0
75,255,1.0
75,270,0.0
75,261,0.0
75,334,0.0
75,457,0.0
76,247,3.0
76,246,0.0
76,248,2.0
76,249,0.0
76,250,0.0
76,251,0.0
76,252,0.0
76,253,0.0
76,254,0.0
76,256,1.0
76,257,1.0
76,258,1.0
76,255,1.0
76,270,0.0
76,261,0.0
76,334,0.0
76,457,0.0
77,248,3.0
77,246,0.0
77,247,2.0
77,249,0.0
77,250,0.0
77,251,0.0
77,252,0.0
77,253,0.0
77,254,0.0
77,256,1.0
77,257,1.0
77,258,1.0
77,255,1.0
77,271,0.0
77,262,0.0
77,458,0.0
77,335,0.0
78,248,3.0
78,246,0.0
78,247,2.0
78,249,0.0
78,250,0.0
78,251,0.0
78,252,0.0
78,253,0.0
78,254,0.0
78,256,1.0
78,257,1.0
78,258,1.0
78,255,1.0
78,271,0.0
78,262,0.0
78,458,0.0
78,335,0.0
79,250,3.0
79,252,3.0
79,254,3.0
79,246,0.0
79,247,0.0
79,248,0.0
79,249,0.0
79,251,0.0
79,253,0.0
79,256,1.0
79,257,1.0
79,258,1.0
79,255,1.0
79,273,0.0
79,264,0.0
79,266,0.0
79,268,0.0
80,250,3.0
80,252,3.0
80,254,3.0
80,246,0.0
80,247,0.0
80,248,0.0
80,249,0.0
80,251,0.0
80,253,0.0
80,256,1.0
80,257,1.0
80,258,1.0
80,255,1.0
80,273,0.0
80,264,0.0
80,266,0.0
80,268,0.0
81,285,3.0
81,288,0.0
81,289,0.0
81,290,0.0
81,291,0.0
81,292,0.0
81,293,0.0
81,286,0.0
81,287,0.0
81,280,1.0
81,281,1.0
81,278,1.0
81,279,1.0
81,294,0.0
81,552,0.0
81,431,0.0
81,365,0.0
82,285,3.0
82,288,0.0
82,289,0.0
82,290,0.0
82,291,0.0
82,292,0.0
82,293,0.0
82,286,0.0
82,287,0.0
82,280,1.0
82,281,1.0
82,278,1.0
82,279,1.0
82,294,0.0
82,552,0.0
82,431,0.0
82,365,0.0
83,288,3.0
83,290,3.0
83,292,3.0
83,289,0.0
83,291,0.0
83,293,0.0
83,285,0.0
83,286,0.0
83,287,0.0
83,280,1.0
83,281,1.0
83,278,1.0
83,279,1.0
83,297,0.0
83,301,0.0
83,299,0.0
83,283,0.0
84,288,3.0
84,290,3.0
84,292,3.0
84,289,0.0
84,291,0.0
84,293,0.0
84,285,0.0
84,286,0.0
84,287,0.0
84,280,1.0
84,281,1.0
84,278,1.0
84,279,1.0
84,297,0.0
84,301,0.0
84,299,0.0
84,283,0.0
85,286,3.0
85,288,0.0
85,289,0.0
85,290,0.0
85,291,0.0
85,292,0.0
85,293,0.0
85,285,0.0
85,287,2.0
85,280,1.0
85,281,1.0
85,278,1.0
85,279,1.0
85,295,0.0
85,553,0.0
85,366,0.0
85,432,0.0
86,286,3.0
86,288,0.0
86,289,0.0
86,290,0.0
86,291,0.0
86,292,0.0
86,293,0.0
86,285,0.0
86,287,2.0
86,280,1.0
86,281,1.0
86,278,1.0
86,279,1.0
86,295,0.0
86,553,0.0
86,366,0.0
86,432,0.0
87,287,3.0
87,288,0.0
87,289,0.0
87,290,0.0
87,291,0.0
87,292,0.0
87,293,0.0
87,285,0.0
87,286,2.0
87,280,1.0
87,281,1.0
87,278,1.0
87,279,1.0
87,296,0.0
87,554,0.0
87,367,0.0
87,433,0.0
88,287,3.0
88,288,0.0
88,289,0.0
88,290,0.0
88,291,0.0
88,292,0.0
88,293,0.0
88,285,0.0
88,286,2.0
88,280,1.0
88,281,1.0
88,278,1.0
88,279,1.0
88,296,0.0
88,554,0.0
88,367,0.0
88,433,0.0
89,289,3.0
89,291,3.0
89,293,3.0
89,288,0.0
89,290,0.0
89,292,0.0
89,285,0.0
89,286,0.0
89,287,0.0
89,280,1.0
89,281,1.0
89,278,1.0
89,279,1.0
89,298,0.0
89,302,0.0
89,282,0.0
89,300,0.0
90,289,3.0
90,291,3.0
90,293,3.0
90,288,0.0
90,290,0.0
90,292,0.0
90,285,0.0
90,286,0.0
90,287,0.0
90,280,1.0
90,281,1.0
90,278,1.0
90,279,1.0
90,298,0.0
90,302,0.0
90,282,0.0
90,300,0.0
91,333,3.0
91,334,0.0
91,335,0.0
91,336,0.0
91,337,0.0
91,338,0.0
91,339,0.0
91,340,0.0
91,341,0.0
91,344,1.0
91,345,1.0
91,342,1.0
91,343,1.0
91,381,0.0
91,365,0.0
91,358,0.0
91,390,0.0
92,333,3.0
92,334,0.0
92,335,0.0
92,336,0.0
92,337,0.0
92,338,0.0
92,339,0.0
92,340,0.0
92,341,0.0
92,344,1.0
92,345,1.0
92,342,1.0
92,343,1.0
92,381,0.0
92,365,0.0
92,358,0.0
92,390,0.0
93,336,3.0
93,338,3.0
93,340,3.0
93,333,0.0
93,334,0.0
93,335,0.0
93,337,0.0
93,339,0.0
93,341,0.0
93,344,1.0
93,345,1.0
93,342,1.0
93,343,1.0
93,384,0.0
93,349,0.0
93,368,0.0
93,370,0.0
94,336,3.0
94,338,3.0
94,340,3.0
94,333,0.0
94,334,0.0
94,335,0.0
94,337,0.0
94,339,0.0
94,341,0.0
94,344,1.0
94,345,1.0
94,342,1.0
94,343,1.0
94,384,0.0
94,349,0.0
94,368,0.0
94,370,0.0
95,334,3.0
95,333,0.0
95,335,2.0
95,336,0.0
95,337,0.0
95,338,0.0
95,339,0.0
95,340,0.0
95,341,0.0
95,344,1.0
95,345,1.0
95,342,1.0
95,343,1.0
95,457,0.0
95,382,0.0
95,366,0.0
95,359,0.0
96,334,3.0
96,333,0.0
96,335,2.0
96,336,0.0
96,337,0.0
96,338,0.0
96,339,0.0
96,340,0.0
96,341,0.0
96,344,1.0
96,345,1.0
96,342,1.0
96,343,1.0
96,457,0.0
96,382,0.0
96,366,0.0
96,359,0.0
97,335,3.0
97,333,0.0
97,334,2.0
97,336,0.0
97,337,0.0
97,338,0.0
97,339,0.0
97,340,0.0
97,341,0.0
97,344,1.0
97,345,1.0
97,342,1.0
97,343,1.0
97,383,0.0
97,367,0.0
97,360,0.0
97,392,0.0
98,335,3.0
98,333,0.0
98,334,2.0
98,336,0.0
98,337,0.0
98,338,0.0
98,339,0.0
98,340,0.0
98,341,0.0
98,344,1.0
98,345,1.0
98,342,1.0
98,343,1.0
98,383,0.0
98,367,0.0
98,360,0.0
98,392,0.0
99,337,3.0
99,339,3.0
99,341,3.0
99,333,0.0
99,334,0.0
99,335,0.0
99,336,0.0
99,338,0.0
99,340,0.0
99,344,1.0
99,345,1.0
99,342,1.0
99,343,1.0
99,385,0.0
99,346,0.0
99,350,0.0
99,369,0.0
100,337,3.0
100,339,3.0
100,341,3.0
100,333,0.0
100,334,0.0
100,335,0.0
100,336,0.0
100,338,0.0
100,340,0.0
100,344,1.0
100,345,1.0
100,342,1.0
100,343,1.0
100,385,0.0
100,346,0.0
100,350,0.0
100,369,0.0
101,351,3.0
101,352,0.0
101,353,0.0
101,354,0.0
101,355,0.0
101,356,0.0
101,357,0.0
101,336,1.0
101,333,1.0
101,334,1.0
101,335,1.0
101,381,0.0
101,342,0.0
101,365,0.0
101,358,0.0
102,351,3.0
102,352,0.0
102,353,0.0
102,354,0.0
102,355,0.0
102,356,0.0
102,357,0.0
102,336,1.0
102,333,1.0
102,334,1.0
102,335,1.0
102,381,0.0
102,342,0.0
102,365,0.0
102,358,0.0
103,354,3.0
103,356,3.0
103,352,0.0
103,353,0.0
103,355,0.0
103,357,0.0
103,351,0.0
103,336,1.0
103,333,1.0
103,334,1.0
103,335,1.0
103,340,0.0
103,384,0.0
103,345,0.0
103,368,0.0
104,354,3.0
104,356,3.0
104,352,0.0
104,353,0.0
104,355,0.0
104,357,0.0
104,351,0.0
104,336,1.0
104,333,1.0
104,334,1.0
104,335,1.0
104,340,0.0
104,384,0.0
104,345,0.0
104,368,0.0
105,352,3.0
105,353,2.0
105,354,0.0
105,355,0.0
105,356,0.0
105,357,0.0
105,351,0.0
105,336,1.0
105,333,1.0
105,334,1.0
105,335,1.0
105,382,0.0
105,343,0.0
105,366,0.0
105,359,0.0
106,352,3.0
106,353,2.0
106,354,0.0
106,355,0.0
106,356,0.0
106,357,0.0
106,351,0.0
106,336,1.0
106,333,1.0
106,334,1.0
106,335,1.0
106,382,0.0
106,343,0.0
106,366,0.0
106,359,0.0
107,353,3.0
107,352,2.0
107,354,0.0
107,355,0.0
107,356,0.0
107,357,0.0
107,351,0.0
107,336,1.0
107,333,1.0
107,334,1.0
107,335,1.0
107,383,0.0
107,344,0.0
107,367,0.0
107,360,0.0
108,353,3.0
108,352,2.0
108,354,0.0
108,355,0.0
108,356,0.0
108,357,0.0
108,351,0.0
108,336,1.0
108,333,1.0
108,334,1.0
108,335,1.0
108,383,0.0
108,344,0.0
108,367,0.0
108,360,0.0
109,355,3.0
109,357,3.0
109,352,0.0
109,353,0.0
109,354,0.0
109,356,0.0
109,351,0.0
109,336,1.0
109,333,1.0
109,334,1.0
109,335,1.0
109,341,0.0
109,385,0.0
109,346,0.0
109,369,0.0
110,355,3.0
110,357,3.0
110,352,0.0
110,353,0.0
110,354,0.0
110,356,0.0
110,351,0.0
110,336,1.0
110,333,1.0
110,334,1.0
110,335,1.0
110,341,0.0
110,385,0.0
110,346,0.0
110,369,0.0
111,365,3.0
111,366,0.0
111,367,0.0
111,368,0.0
111,369,0.0
111,370,0.0
111,371,0.0
111,372,0.0
111,373,0.0
111,336,1.0
111,333,1.0
111,334,1.0
111,335,1.0
111,381,0.0
111,342,0.0
111,358,0.0
111,390,0.0
112,365,3.0
112,366,0.0
112,367,0.0
112,368,0.0
112,369,0.0
112,370,0.0
112,371,0.0
112,372,0.0
112,373,0.0
112,336,1.0
112,333,1.0
112,334,1.0
112,335,1.0
112,381,0.0
112,342,0.0
112,358,0.0
112,390,0.0
113,368,3.0
113,370,3.0
113,372,3.0
113,365,0.0
113,366,0.0
113,367,0.0
113,369,0.0
113,371,0.0
113,373,0.0
113,336,1.0
113,333,1.0
113,334,1.0
113,335,1.0
113,384,0.0
113,345,0.0
113,349,0.0
113,338,0.0
114,368,3.0
114,370,3.0
114,372,3.0
114,365,0.0
114,366,0.0
114,367,0.0
114,369,0.0
114,371,0.0
114,373,0.0
114,336,1.0
114,333,1.0
114,334,1.0
114,335,1.0
114,384,0.0
114,345,0.0
114,349,0.0
114,338,0.0
115,366,3.0
115,365,0.0
115,367,2.0
115,368,0.0
115,369,0.0
115,370,0.0
115,371,0.0
115,372,0.0
115,373,0.0
115,336,1.0
115,333,1.0
115,334,1.0
115,335,1.0
115,382,0.0
115,343,0.0
115,432,0.0
115,359,0.0
116,366,3.0
116,365,0.0
116,367,2.0
116,368,0.0
116,369,0.0
116,370,0.0
116,371,0.0
116,372,0.0
116,373,0.0
116,336,1.0
116,333,1.0
116,334,1.0
116,335,1.0
116,382,0.0
116,343,0.0
116,432,0.0
116,359,0.0
117,367,3.0
117,365,0.0
117,366,2.0
117,368,0.0
117,369,0.0
117,370,0.0
117,371,0.0
117,372,0.0
117,373,0.0
117,336,1.0
117,333,1.0
117,334,1.0
117,335,1.0
117,383,0.0
117,344,0.0
117,360,0.0
117,392,0.0
118,367,3.0
118,365,0.0
118,366,2.0
118,368,0.0
118,369,0.0
118,370,0.0
118,371,0.0
118,372,0.0
118,373,0.0
118,336,1.0
118,333,1.0
118,334,1.0
118,335,1.0
118,383,0.0
118,344,0.0
118,360,0.0
118,392,0.0
119,369,3.0
119,371,3.0
119,373,3.0
119,365,0.0
119,366,0.0
119,367,0.0
119,368,0.0
119,370,0.0
119,372,0.0
119,336,1.0
119,333,1.0
119,334,1.0
119,335,1.0
119,385,0.0
119,346,0.0
119,350,0.0
119,389,0.0
120,369,3.0
120,371,3.0
120,373,3.0
120,365,0.0
120,366,0.0
120,367,0.0
120,368,0.0
120,370,0.0
120,372,0.0
120,336,1.0
120,333,1.0
120,334,1.0
120,335,1.0
120,385,0.0
120,346,0.0
120,350,0.0
120,389,0.0
121,381,3.0
121,384,0.0
121,385,0.0
121,386,0.0
121,387,0.0
121,388,0.0
121,389,0.0
121,382,0.0
121,383,0.0
121,336,1.0
121,333,1.0
121,334,1.0
121,335,1.0
121,342,0.0
121,365,0.0
121,358,0.0
121,390,0.0
122,381,3.0
122,384,0.0
122,385,0.0
122,386,0.0
122,387,0.0
122,388,0.0
122,389,0.0
122,382,0.0
122,383,0.0
122,336,1.0
122,333,1.0
122,334,1.0
122,335,1.0
122,342,0.0
122,365,0.0
122,358,0.0
122,390,0.0
123,384,3.0
123,386,3.0
123,388,3.0
123,385,0.0
123,387,0.0
123,389,0.0
123,381,0.0
123,382,0.0
123,383,0.0
123,336,1.0
123,333,1.0
123,334,1.0
123,335,1.0
123,345,0.0
123,347,0.0
123,368,0.0
123,361,0.0
124,384,3.0
124,386,3.0
124,388,3.0
124,385,0.0
124,387,0.0
124,389,0.0
124,381,0.0
124,382,0.0
124,383,0.0
124,336,1.0
124,333,1.0
124,334,1.0
124,335,1.0
124,345,0.0
124,347,0.0
124,368,0.0
124,361,0.0
125,382,3.0
125,384,0.0
125,385,0.0
125,386,0.0
125,387,0.0
125,388,0.0
125,389,0.0
125,381,0.0
125,383,2.0
125,336,1.0
125,333,1.0
125,334,1.0
125,335,1.0
125,343,0.0
125,366,0.0
125,448,0.0
125,487,0.0
126,382,3.0
126,384,0.0
126,385,0.0
126,386,0.0
126,387,0.0
126,388,0.0
126,389,0.0
126,381,0.0
126,383,2.0
126,336,1.0
126,333,1.0
126,334,1.0
126,335,1.0
126,343,0.0
126,366,0.0
126,448,0.0
126,487,0.0
127,383,3.0
127,384,0.0
127,385,0.0
127,386,0.0
127,387,0.0
127,388,0.0
127,389,0.0
127,381,0.0
127,382,2.0
127,336,1.0
127,333,1.0
127,334,1.0
127,335,1.0
127,344,0.0
127,367,0.0
127,360,0.0
127,392,0.0
128,383,3.0
128,384,0.0
128,385,0.0
128,386,0.0
128,387,0.0
128,388,0.0
128,389,0.0
128,381,0.0
128,382,2.0
128,336,1.0
128,333,1.0
128,334,1.0
128,335,1.0
128,344,0.0
128,367,0.0
128,360,0.0
128,392,0.0
129,385,3.0
129,387,3.0
129,389,3.0
129,384,0.0
129,386,0.0
129,388,0.0
129,381,0.0
129,382,0.0
129,383,0.0
129,336,1.0
129,333,1.0
129,334,1.0
129,335,1.0
129,346,0.0
129,348,0.0
129,369,0.0
129,337,0.0
130,385,3.0
130,387,3.0
130,389,3.0
130,384,0.0
130,386,0.0
130,388,0.0
130,381,0.0
130,382,0.0
130,383,0.0
130,336,1.0
130,333,1.0
130,334,1.0
130,335,1.0
130,346,0.0
130,348,0.0
130,369,0.0
130,337,0.0
131,422,3.0
131,423,0.0
131,424,0.0
131,425,0.0
131,426,0.0
131,427,0.0
131,428,0.0
131,429,0.0
131,430,0.0
131,400,1.0
131,397,1.0
131,398,1.0
131,399,1.0
131,447,0.0
131,431,0.0
131,413,0.0
131,404,0.0
132,422,3.0
132,423,0.0
132,424,0.0
132,425,0.0
132,426,0.0
132,427,0.0
132,428,0.0
132,429,0.0
132,430,0.0
132,400,1.0
132,397,1.0
132,398,1.0
132,399,1.0
132,447,0.0
132,431,0.0
132,413,0.0
132,404,0.0
133,425,3.0
133,427,3.0
133,429,3.0
133,422,0.0
133,423,0.0
133,424,0.0
133,426,0.0
133,428,0.0
133,430,0.0
133,400,1.0
133,397,1.0
133,398,1.0
133,399,1.0
133,450,0.0
133,452,0.0
133,434,0.0
133,436,0.0
134,425,3.0
134,427,3.0
134,429,3.0
134,422,0.0
134,423,0.0
134,424,0.0
134,426,0.0
134,428,0.0
134,430,0.0
134,400,1.0
134,397,1.0
134,398,1.0
134,399,1.0
134,450,0.0
134,452,0.0
134,434,0.0
134,436,0.0
135,423,3.0
135,422,0.0
135,424,2.0
135,425,0.0
135,426,0.0
135,427,0.0
135,428,0.0
135,429,0.0
135,430,0.0
135,400,1.0
135,397,1.0
135,398,1.0
135,399,1.0
135,448,0.0
135,432,0.0
135,414,0.0
135,343,0.0
136,423,3.0
136,422,0.0
136,424,2.0
136,425,0.0
136,426,0.0
136,427,0.0
136,428,0.0
136,429,0.0
136,430,0.0
136,400,1.0
136,397,1.0
136,398,1.0
136,399,1.0
136,448,0.0
136,432,0.0
136,414,0.0
136,343,0.0
137,424,3.0
137,422,0.0
137,423,2.0
137,425,0.0
137,426,0.0
137,427,0.0
137,428,0.0
137,429,0.0
137,430,0.0
137,400,1.0
137,397,1.0
137,398,1.0
137,399,1.0
137,449,0.0
137,433,0.0
137,415,0.0
137,406,0.0
138,424,3.0
138,422,0.0
138,423,2.0
138,425,0.0
138,426,0.0
138,427,0.0
138,428,0.0
138,429,0.0
138,430,0.0
138,400,1.0
138,397,1.0
138,398,1.0
138,399,1.0
138,449,0.0
138,433,0.0
138,415,0.0
138,406,0.0
139,426,3.0
139,428,3.0
139,430,3.0
139,422,0.0
139,423,0.0
139,424,0.0
139,425,0.0
139,427,0.0
139,429,0.0
139,400,1.0
139,397,1.0
139,398,1.0
139,399,1.0
139,451,0.0
139,453,0.0
139,437,0.0
139,419,0.0
140,426,3.0
140,428,3.0
140,430,3.0
140,422,0.0
140,423,0.0
140,424,0.0
140,425,0.0
140,427,0.0
140,429,0.0
140,400,1.0
140,397,1.0
140,398,1.0
140,399,1.0
140,451,0.0
140,453,0.0
140,437,0.0
140,419,0.0
141,431,3.0
141,432,0.0
141,433,0.0
141,434,0.0
141,435,0.0
141,436,0.0
141,437,0.0
141,438,0.0
141,439,0.0
141,400,1.0
141,397,1.0
141,398,1.0
141,399,1.0
141,447,0.0
141,422,0.0
141,413,0.0
141,404,0.0
142,431,3.0
142,432,0.0
142,433,0.0
142,434,0.0
142,435,0.0
142,436,0.0
142,437,0.0
142,438,0.0
142,439,0.0
142,400,1.0
142,397,1.0
142,398,1.0
142,399,1.0
142,447,0.0
142,422,0.0
142,413,0.0
142,404,0.0
143,434,3.0
143,436,3.0
143,438,3.0
143,431,0.0
143,432,0.0
143,433,0.0
143,435,0.0
143,437,0.0
143,439,0.0
143,400,1.0
143,397,1.0
143,398,1.0
143,399,1.0
143,450,0.0
143,425,0.0
143,429,0.0
143,416,0.0
144,434,3.0
144,436,3.0
144,438,3.0
144,431,0.0
144,432,0.0
144,433,0.0
144,435,0.0
144,437,0.0
144,439,0.0
144,400,1.0
144,397,1.0
144,398,1.0
144,399,1.0
144,450,0.0
144,425,0.0
144,429,0.0
144,416,0.0
145,432,3.0
145,431,0.0
145,433,2.0
145,434,0.0
145,435,0.0
145,436,0.0
145,437,0.0
145,438,0.0
145,439,0.0
145,400,1.0
145,397,1.0
145,398,1.0
145,399,1.0
145,448,0.0
145,423,0.0
145,366,0.0
145,414,0.0
146,432,3.0
146,431,0.0
146,433,2.0
146,434,0.0
146,435,0.0
146,436,0.0
146,437,0.0
146,438,0.0
146,439,0.0
146,400,1.0
146,397,1.0
146,398,1.0
146,399,1.0
146,448,0.0
146,423,0.0
146,366,0.0
146,414,0.0
147,433,3.0
147,431,0.0
147,432,2.0
147,434,0.0
147,435,0.0
147,436,0.0
147,437,0.0
147,438,0.0
147,439,0.0
147,400,1.0
147,397,1.0
147,398,1.0
147,399,1.0
147,449,0.0
147,424,0.0
147,415,0.0
147,406,0.0
148,433,3.0
148,431,0.0
148,432,2.0
148,434,0.0
148,435,0.0
148,436,0.0
148,437,0.0
148,438,0.0
148,439,0.0
148,400,1.0
148,397,1.0
148,398,1.0
148,399,1.0
148,449,0.0
148,424,0.0
148,415,0.0
148,406,0.0
149,435,3.0
149,437,3.0
149,439,3.0
149,431,0.0
149,432,0.0
149,433,0.0
149,434,0.0
149,436,0.0
149,438,0.0
149,400,1.0
149,397,1.0
149,398,1.0
149,399,1.0
149,430,0.0
149,451,0.0
149,426,0.0
149,419,0.0
150,435,3.0
150,437,3.0
150,439,3.0
150,431,0.0
150,432,0.0
150,433,0.0
150,434,0.0
150,436,0.0
150,438,0.0
150,400,1.0
150,397,1.0
150,398,1.0
150,399,1.0
150,430,0.0
150,451,0.0
150,426,0.0
150,419,0.0
151,440,3.0
151,441,0.0
151,442,0.0
151,443,0.0
151,444,0.0
151,445,0.0
151,446,0.0
151,400,1.0
151,397,1.0
151,398,1.0
151,399,1.0
151,447,0.0
151,422,0.0
151,431,0.0
151,413,0.0
152,440,3.0
152,441,0.0
152,442,0.0
152,443,0.0
152,444,0.0
152,445,0.0
152,446,0.0
152,400,1.0
152,397,1.0
152,398,1.0
152,399,1.0
152,447,0.0
152,422,0.0
152,431,0.0
152,413,0.0
153,443,3.0
153,445,3.0
153,440,0.0
153,441,0.0
153,442,0.0
153,444,0.0
153,446,0.0
153,400,1.0
153,397,1.0
153,398,1.0
153,399,1.0
153,450,0.0
153,425,0.0
153,420,0.0
153,411,0.0
154,443,3.0
154,445,3.0
154,440,0.0
154,441,0.0
154,442,0.0
154,444,0.0
154,446,0.0
154,400,1.0
154,397,1.0
154,398,1.0
154,399,1.0
154,450,0.0
154,425,0.0
154,420,0.0
154,411,0.0
155,441,3.0
155,440,0.0
155,442,2.0
155,443,0.0
155,444,0.0
155,445,0.0
155,446,0.0
155,400,1.0
155,397,1.0
155,398,1.0
155,399,1.0
155,375,0.0
155,448,0.0
155,423,0.0
155,432,0.0
156,441,3.0
156,440,0.0
156,442,2.0
156,443,0.0
156,444,0.0
156,445,0.0
156,446,0.0
156,400,1.0
156,397,1.0
156,398,1.0
156,399,1.0
156,375,0.0
156,448,0.0
156,423,0.0
156,432,0.0
157,442,3.0
157,440,0.0
157,441,2.0
157,443,0.0
157,444,0.0
157,445,0.0
157,446,0.0
157,400,1.0
157,397,1.0
157,398,1.0
157,399,1.0
157,449,0.0
157,424,0.0
157,433,0.0
157,415,0.0
158,442,3.0
158,440,0.0
158,441,2.0
158,443,0.0
158,444,0.0
158,445,0.0
158,446,0.0
158,400,1.0
158,397,1.0
158,398,1.0
158,399,1.0
158,449,0.0
158,424,0.0
158,433,0.0
158,415,0.0
159,444,3.0
159,446,3.0
159,440,0.0
159,441,0.0
159,442,0.0
159,443,0.0
159,445,0.0
159,400,1.0
159,397,1.0
159,398,1.0
159,399,1.0
159,421,0.0
159,451,0.0
159,426,0.0
159,412,0.0
160,444,3.0
160,446,3.0
160,440,0.0
160,441,0.0
160,442,0.0
160,443,0.0
160,445,0.0
160,400,1.0
160,397,1.0
160,398,1.0
160,399,1.0
160,421,0.0
160,451,0.0
160,426,0.0
160,412,0.0
161,447,3.0
161,448,0.0
161,449,0.0
161,450,0.0
161,451,0.0
161,452,0.0
161,453,0.0
161,454,0.0
161,455,0.0
161,400,1.0
161,397,1.0
161,398,1.0
161,399,1.0
161,422,0.0
161,431,0.0
161,413,0.0
161,404,0.0
162,447,3.0
162,448,0.0
162,449,0.0
162,450,0.0
162,451,0.0
162,452,0.0
162,453,0.0
162,454,0.0
162,455,0.0
162,400,1.0
162,397,1.0
162,398,1.0
162,399,1.0
162,422,0.0
162,431,0.0
162,413,0.0
162,404,0.0
163,450,3.0
163,452,3.0
163,454,3.0
163,448,0.0
163,449,0.0
163,451,0.0
163,453,0.0
163,455,0.0
163,447,0.0
163,400,1.0
163,397,1.0
163,398,1.0
163,399,1.0
163,425,0.0
163,427,0.0
163,434,0.0
163,416,0.0
164,450,3.0
164,452,3.0
164,454,3.0
164,448,0.0
164,449,0.0
164,451,0.0
164,453,0.0
164,455,0.0
164,447,0.0
164,400,1.0
164,397,1.0
164,398,1.0
164,399,1.0
164,425,0.0
164,427,0.0
164,434,0.0
164,416,0.0
165,448,3.0
165,449,2.0
165,450,0.0
165,451,0.0
165,452,0.0
165,453,0.0
165,454,0.0
165,455,0.0
165,447,0.0
165,400,1.0
165,397,1.0
165,398,1.0
165,399,1.0
165,423,0.0
165,432,0.0
165,414,0.0
165,382,0.0
166,448,3.0
166,449,2.0
166,450,0.0
166,451,0.0
166,452,0.0
166,453,0.0
166,454,0.0
166,455,0.0
166,447,0.0
166,400,1.0
166,397,1.0
166,398,1.0
166,399,1.0
166,423,0.0
166,432,0.0
166,414,0.0
166,382,0.0
167,449,3.0
167,448,2.0
167,450,0.0
167,451,0.0
167,452,0.0
167,453,0.0
167,454,0.0
167,455,0.0
167,447,0.0
167,400,1.0
167,397,1.0
167,398,1.0
167,399,1.0
167,424,0.0
167,433,0.0
167,415,0.0
167,406,0.0
168,449,3.0
168,448,2.0
168,450,0.0
168,451,0.0
168,452,0.0
168,453,0.0
168,454,0.0
168,455,0.0
168,447,0.0
168,400,1.0
168,397,1.0
168,398,1.0
168,399,1.0
168,424,0.0
168,433,0.0
168,415,0.0
168,406,0.0
169,451,3.0
169,453,3.0
169,455,3.0
169,448,0.0
169,449,0.0
169,450,0.0
169,452,0.0
169,454,0.0
169,447,0.0
169,400,1.0
169,397,1.0
169,398,1.0
169,399,1.0
169,428,0.0
169,426,0.0
169,435,0.0
169,417,0.0
170,451,3.0
170,453,3.0
170,455,3.0
170,448,0.0
170,449,0.0
170,450,0.0
170,452,0.0
170,454,0.0
170,447,0.0
170,400,1.0
170,397,1.0
170,398,1.0
170,399,1.0
170,428,0.0
170,426,0.0
170,435,0.0
170,417,0.0
171,456,3.0
171,457,0.0
171,458,0.0
171,459,0.0
171,460,0.0
171,461,0.0
171,462,0.0
171,463,0.0
171,464,0.0
171,465,1.0
171,466,1.0
171,467,1.0
171,468,1.0
171,486,0.0
171,470,0.0
171,479,0.0
171,495,0.0
172,456,3.0
172,457,0.0
172,458,0.0
172,459,0.0
172,460,0.0
172,461,0.0
172,462,0.0
172,463,0.0
172,464,0.0
172,465,1.0
172,466,1.0
172,467,1.0
172,468,1.0
172,486,0.0
172,470,0.0
172,479,0.0
172,495,0.0
173,459,3.0
173,461,3.0
173,463,3.0
173,456,0.0
173,457,0.0
173,458,0.0
173,460,0.0
173,462,0.0
173,464,0.0
173,465,1.0
173,466,1.0
173,467,1.0
173,468,1.0
173,489,0.0
173,473,0.0
173,477,0.0
173,484,0.0
174,459,3.0
174,461,3.0
174,463,3.0
174,456,0.0
174,457,0.0
174,458,0.0
174,460,0.0
174,462,0.0
174,464,0.0
174,465,1.0
174,466,1.0
174,467,1.0
174,468,1.0
174,489,0.0
174,473,0.0
174,477,0.0
174,484,0.0
175,457,3.0
175,456,0.0
175,458,2.0
175,459,0.0
175,460,0.0
175,461,0.0
175,462,0.0
175,463,0.0
175,464,0.0
175,465,1.0
175,466,1.0
175,467,1.0
175,468,1.0
175,487,0.0
175,471,0.0
175,334,0.0
175,480,0.0
176,457,3.0
176,456,0.0
176,458,2.0
176,459,0.0
176,460,0.0
176,461,0.0
176,462,0.0
176,463,0.0
176,464,0.0
176,465,1.0
176,466,1.0
176,467,1.0
176,468,1.0
176,487,0.0
176,471,0.0
176,334,0.0
176,480,0.0
177,458,3.0
177,456,0.0
177,457,2.0
177,459,0.0
177,460,0.0
177,461,0.0
177,462,0.0
177,463,0.0
177,464,0.0
177,465,1.0
177,466,1.0
177,467,1.0
177,468,1.0
177,488,0.0
177,472,0.0
177,481,0.0
177,497,0.0
178,458,3.0
178,456,0.0
178,457,2.0
178,459,0.0
178,460,0.0
178,461,0.0
178,462,0.0
178,463,0.0
178,464,0.0
178,465,1.0
178,466,1.0
178,467,1.0
178,468,1.0
178,488,0.0
178,472,0.0
178,481,0.0
178,497,0.0
179,464,3.0
179,460,3.0
179,462,3.0
179,456,0.0
179,457,0.0
179,458,0.0
179,459,0.0
179,461,0.0
179,463,0.0
179,465,1.0
179,466,1.0
179,467,1.0
179,468,1.0
179,490,0.0
179,474,0.0
179,478,0.0
179,485,0.0
180,464,3.0
180,460,3.0
180,462,3.0
180,456,0.0
180,457,0.0
180,458,0.0
180,459,0.0
180,461,0.0
180,463,0.0
180,465,1.0
180,466,1.0
180,467,1.0
180,468,1.0
180,490,0.0
180,474,0.0
180,478,0.0
180,485,0.0
181,465,3.0
181,466,0.0
181,467,0.0
181,468,0.0
181,469,0.0
181,456,1.0
181,457,1.0
181,458,1.0
181,459,1.0
181,486,0.0
181,470,0.0
181,479,0.0
181,495,0.0
182,465,3.0
182,466,0.0
182,467,0.0
182,468,0.0
182,469,0.0
182,456,1.0
182,457,1.0
182,458,1.0
182,459,1.0
182,486,0.0
182,470,0.0
182,479,0.0
182,495,0.0
183,468,3.0
183,465,0.0
183,466,0.0
183,467,0.0
183,469,0.0
183,456,1.0
183,457,1.0
183,458,1.0
183,459,1.0
183,477,0.0
183,461,0.0
183,484,0.0
183,500,0.0
184,468,3.0
184,465,0.0
184,466,0.0
184,467,0.0
184,469,0.0
184,456,1.0
184,457,1.0
184,458,1.0
184,459,1.0
184,477,0.0
184,461,0.0
184,484,0.0
184,500,0.0
185,466,3.0
185,465,0.0
185,467,2.0
185,468,0.0
185,469,0.0
185,456,1.0
185,457,1.0
185,458,1.0
185,459,1.0
185,487,0.0
185,471,0.0
185,304,0.0
185,480,0.0
186,466,3.0
186,465,0.0
186,467,2.0
186,468,0.0
186,469,0.0
186,456,1.0
186,457,1.0
186,458,1.0
186,459,1.0
186,487,0.0
186,471,0.0
186,304,0.0
186,480,0.0
187,467,3.0
187,465,0.0
187,466,2.0
187,468,0.0
187,469,0.0
187,456,1.0
187,457,1.0
187,458,1.0
187,459,1.0
187,488,0.0
187,472,0.0
187,481,0.0
187,497,0.0
188,467,3.0
188,465,0.0
188,466,2.0
188,468,0.0
188,469,0.0
188,456,1.0
188,457,1.0
188,458,1.0
188,459,1.0
188,488,0.0
188,472,0.0
188,481,0.0
188,497,0.0
189,469,3.0
189,465,0.0
189,466,0.0
189,467,0.0
189,468,0.0
189,456,1.0
189,457,1.0
189,458,1.0
189,459,1.0
189,478,0.0
189,462,0.0
189,485,0.0
189,501,0.0
190,469,3.0
190,465,0.0
190,466,0.0
190,467,0.0
190,468,0.0
190,456,1.0
190,457,1.0
190,458,1.0
190,459,1.0
190,478,0.0
190,462,0.0
190,485,0.0
190,501,0.0
191,479,3.0
191,480,0.0
191,481,0.0
191,482,0.0
191,483,0.0
191,484,0.0
191,485,0.0
191,456,1.0
191,457,1.0
191,458,1.0
191,459,1.0
191,486,0.0
191,470,0.0
191,495,0.0
191,465,0.0
192,479,3.0
192,480,0.0
192,481,0.0
192,482,0.0
192,483,0.0
192,484,0.0
192,485,0.0
192,456,1.0
192,457,1.0
192,458,1.0
192,459,1.0
192,486,0.0
192,470,0.0
192,495,0.0
192,465,0.0
193,482,3.0
193,484,3.0
193,480,0.0
193,481,0.0
193,483,0.0
193,485,0.0
193,479,0.0
193,456,1.0
193,457,1.0
193,458,1.0
193,459,1.0
193,491,0.0
193,477,0.0
193,475,0.0
193,461,0.0
194,482,3.0
194,484,3.0
194,480,0.0
194,481,0.0
194,483,0.0
194,485,0.0
194,479,0.0
194,456,1.0
194,457,1.0
194,458,1.0
194,459,1.0
194,491,0.0
194,477,0.0
194,475,0.0
194,461,0.0
195,480,3.0
195,481,2.0
195,482,0.0
195,483,0.0
195,484,0.0
195,485,0.0
195,479,0.0
195,456,1.0
195,457,1.0
195,458,1.0
195,459,1.0
195,359,0.0
195,487,0.0
195,471,0.0
195,318,0.0
196,480,3.0
196,481,2.0
196,482,0.0
196,483,0.0
196,484,0.0
196,485,0.0
196,479,0.0
196,456,1.0
196,457,1.0
196,458,1.0
196,459,1.0
196,359,0.0
196,487,0.0
196,471,0.0
196,318,0.0
197,481,3.0
197,480,2.0
197,482,0.0
197,483,0.0
197,484,0.0
197,485,0.0
197,479,0.0
197,456,1.0
197,457,1.0
197,458,1.0
197,459,1.0
197,488,0.0
197,472,0.0
197,497,0.0
197,467,0.0
198,481,3.0
198,480,2.0
198,482,0.0
198,483,0.0
198,484,0.0
198,485,0.0
198,479,0.0
198,456,1.0
198,457,1.0
198,458,1.0
198,459,1.0
198,488,0.0
198,472,0.0
198,497,0.0
198,467,0.0
199,483,3.0
199,485,3.0
199,480,0.0
199,481,0.0
199,482,0.0
199,484,0.0
199,479,0.0
199,456,1.0
199,457,1.0
199,458,1.0
199,459,1.0
199,478,0.0
199,492,0.0
199,476,0.0
199,462,0.0
200,483,3.0
200,485,3.0
200,480,0.0
200,481,0.0
200,482,0.0
200,484,0.0
200,479,0.0
200,456,1.0
200,457,1.0
200,458,1.0
200,459,1.0
200,478,0.0
200,492,0.0
200,476,0.0
200,462,0.0
201,502,3.0
201,503,0.0
201,504,0.0
201,505,0.0
201,506,0.0
201,507,0.0
201,508,0.0
201,512,1.0
201,509,1.0
201,510,1.0
201,511,1.0
201,527,0.0
201,518,0.0
201,536,0.0
201,278,0.0
202,502,3.0
202,503,0.0
202,504,0.0
202,505,0.0
202,506,0.0
202,507,0.0
202,508,0.0
202,512,1.0
202,509,1.0
202,510,1.0
202,511,1.0
202,527,0.0
202,518,0.0
202,536,0.0
202,278,0.0
203,505,3.0
203,507,3.0
203,502,0.0
203,503,0.0
203,504,0.0
203,506,0.0
203,508,0.0
203,512,1.0
203,509,1.0
203,510,1.0
203,511,1.0
203,532,0.0
203,530,0.0
203,521,0.0
203,534,0.0
204,505,3.0
204,507,3.0
204,502,0.0
204,503,0.0
204,504,0.0
204,506,0.0
204,508,0.0
204,512,1.0
204,509,1.0
204,510,1.0
204,511,1.0
204,532,0.0
204,530,0.0
204,521,0.0
204,534,0.0
205,503,3.0
205,502,0.0
205,504,2.0
205,505,0.0
205,506,0.0
205,507,0.0
205,508,0.0
205,512,1.0
205,509,1.0
205,510,1.0
205,511,1.0
205,528,0.0
205,537,0.0
205,279,0.0
205,519,0.0
206,503,3.0
206,502,0.0
206,504,2.0
206,505,0.0
206,506,0.0
206,507,0.0
206,508,0.0
206,512,1.0
206,509,1.0
206,510,1.0
206,511,1.0
206,528,0.0
206,537,0.0
206,279,0.0
206,519,0.0
207,504,3.0
207,502,0.0
207,503,2.0
207,505,0.0
207,506,0.0
207,507,0.0
207,508,0.0
207,512,1.0
207,509,1.0
207,510,1.0
207,511,1.0
207,529,0.0
207,520,0.0
207,538,0.0
207,280,0.0
208,504,3.0
208,502,0.0
208,503,2.0
208,505,0.0
208,506,0.0
208,507,0.0
208,508,0.0
208,512,1.0
208,509,1.0
208,510,1.0
208,511,1.0
208,529,0.0
208,520,0.0
208,538,0.0
208,280,0.0
209,506,3.0
209,508,3.0
209,502,0.0
209,503,0.0
209,504,0.0
209,505,0.0
209,507,0.0
209,512,1.0
209,509,1.0
209,510,1.0
209,511,1.0
209,533,0.0
209,531,0.0
209,522,0.0
209,513,0.0
210,506,3.0
210,508,3.0
210,502,0.0
210,503,0.0
210,504,0.0
210,505,0.0
210,507,0.0
210,512,1.0
210,509,1.0
210,510,1.0
210,511,1.0
210,533,0.0
210,531,0.0
210,522,0.0
210,513,0.0
211,527,3.0
211,528,0.0
211,529,0.0
211,530,0.0
211,531,0.0
211,532,0.0
211,533,0.0
211,534,0.0
211,535,0.0
211,504,1.0
211,505,1.0
211,502,1.0
211,503,1.0
211,518,0.0
211,509,0.0
211,342,0.0
211,543,0.0
212,527,3.0
212,528,0.0
212,529,0.0
212,530,0.0
212,531,0.0
212,532,0.0
212,533,0.0
212,534,0.0
212,535,0.0
212,504,1.0
212,505,1.0
212,502,1.0
212,503,1.0
212,518,0.0
212,509,0.0
212,342,0.0
212,543,0.0
213,530,3.0
213,532,3.0
213,534,3.0
213,527,0.0
213,528,0.0
213,529,0.0
213,531,0.0
213,533,0.0
213,535,0.0
213,504,1.0
213,505,1.0
213,502,1.0
213,503,1.0
213,521,0.0
213,523,0.0
213,512,0.0
213,514,0.0
214,530,3.0
214,532,3.0
214,534,3.0
214,527,0.0
214,528,0.0
214,529,0.0
214,531,0.0
214,533,0.0
214,535,0.0
214,504,1.0
214,505,1.0
214,502,1.0
214,503,1.0
214,521,0.0
214,523,0.0
214,512,0.0
214,514,0.0
215,528,3.0
215,527,0.0
215,529,2.0
215,530,0.0
215,531,0.0
215,532,0.0
215,533,0.0
215,534,0.0
215,535,0.0
215,504,1.0
215,505,1.0
215,502,1.0
215,503,1.0
215,519,0.0
215,510,0.0
215,544,0.0
215,343,0.0
216,528,3.0
216,527,0.0
216,529,2.0
216,530,0.0
216,531,0.0
216,532,0.0
216,533,0.0
216,534,0.0
216,535,0.0
216,504,1.0
216,505,1.0
216,502,1.0
216,503,1.0
216,519,0.0
216,510,0.0
216,544,0.0
216,343,0.0
217,529,3.0
217,527,0.0
217,528,2.0
217,530,0.0
217,531,0.0
217,532,0.0
217,533,0.0
217,534,0.0
217,535,0.0
217,504,1.0
217,505,1.0
217,502,1.0
217,503,1.0
217,520,0.0
217,511,0.0
217,344,0.0
217,545,0.0
218,529,3.0
218,527,0.0
218,528,2.0
218,530,0.0
218,531,0.0
218,532,0.0
218,533,0.0
218,534,0.0
218,535,0.0
218,504,1.0
218,505,1.0
218,502,1.0
218,503,1.0
218,520,0.0
218,511,0.0
218,344,0.0
218,545,0.0
219,531,3.0
219,533,3.0
219,535,3.0
219,527,0.0
219,528,0.0
219,529,0.0
219,530,0.0
219,532,0.0
219,534,0.0
219,504,1.0
219,505,1.0
219,502,1.0
219,503,1.0
219,522,0.0
219,524,0.0
219,515,0.0
219,513,0.0
220,531,3.0
220,533,3.0
220,535,3.0
220,527,0.0
220,528,0.0
220,529,0.0
220,530,0.0
220,532,0.0
220,534,0.0
220,504,1.0
220,505,1.0
220,502,1.0
220,503,1.0
220,522,0.0
220,524,0.0
220,515,0.0
220,513,0.0
221,543,3.0
221,544,0.0
221,545,0.0
221,546,0.0
221,547,0.0
221,548,0.0
221,549,0.0
221,550,0.0
221,551,0.0
221,536,1.0
221,537,1.0
221,538,1.0
221,539,1.0
221,561,0.0
221,552,0.0
221,527,0.0
221,470,0.0
222,543,3.0
222,544,0.0
222,545,0.0
222,546,0.0
222,547,0.0
222,548,0.0
222,549,0.0
222,550,0.0
222,551,0.0
222,536,1.0
222,537,1.0
222,538,1.0
222,539,1.0
222,561,0.0
222,552,0.0
222,527,0.0
222,470,0.0
223,546,3.0
223,548,3.0
223,550,3.0
223,544,0.0
223,545,0.0
223,547,0.0
223,549,0.0
223,551,0.0
223,543,0.0
223,536,1.0
223,537,1.0
223,538,1.0
223,539,1.0
223,564,0.0
223,566,0.0
223,555,0.0
223,557,0.0
224,546,3.0
224,548,3.0
224,550,3.0
224,544,0.0
224,545,0.0
224,547,0.0
224,549,0.0
224,551,0.0
224,543,0.0
224,536,1.0
224,537,1.0
224,538,1.0
224,539,1.0
224,564,0.0
224,566,0.0
224,555,0.0
224,557,0.0
225,544,3.0
225,545,2.0
225,546,0.0
225,547,0.0
225,548,0.0
225,549,0.0
225,550,0.0
225,551,0.0
225,543,0.0
225,536,1.0
225,537,1.0
225,538,1.0
225,539,1.0
225,562,0.0
225,553,0.0
225,528,0.0
225,343,0.0
226,544,3.0
226,545,2.0
226,546,0.0
226,547,0.0
226,548,0.0
226,549,0.0
226,550,0.0
226,551,0.0
226,543,0.0
226,536,1.0
226,537,1.0
226,538,1.0
226,539,1.0
226,562,0.0
226,553,0.0
226,528,0.0
226,343,0.0
227,545,3.0
227,544,2.0
227,546,0.0
227,547,0.0
227,548,0.0
227,549,0.0
227,550,0.0
227,551,0.0
227,543,0.0
227,536,1.0
227,537,1.0
227,538,1.0
227,539,1.0
227,563,0.0
227,554,0.0
227,310,0.0
227,529,0.0
228,545,3.0
228,544,2.0
228,546,0.0
228,547,0.0
228,548,0.0
228,549,0.0
228,550,0.0
228,551,0.0
228,543,0.0
228,536,1.0
228,537,1.0
228,538,1.0
228,539,1.0
228,563,0.0
228,554,0.0
228,310,0.0
228,529,0.0
229,547,3.0
229,549,3.0
229,551,3.0
229,544,0.0
229,545,0.0
229,546,0.0
229,548,0.0
229,550,0.0
229,543,0.0
229,536,1.0
229,537,1.0
229,538,1.0
229,539,1.0
229,565,0.0
229,567,0.0
229,556,0.0
229,558,0.0
230,547,3.0
230,549,3.0
230,551,3.0
230,544,0.0
230,545,0.0
230,546,0.0
230,548,0.0
230,550,0.0
230,543,0.0
230,536,1.0
230,537,1.0
230,538,1.0
230,539,1.0
230,565,0.0
230,567,0.0
230,556,0.0
230,558,0.0
231,561,3.0
231,562,0.0
231,563,0.0
231,564,0.0
231,565,0.0
231,566,0.0
231,567,0.0
231,568,0.0
231,569,0.0
231,536,1.0
231,537,1.0
231,538,1.0
231,539,1.0
231,543,0.0
231,552,0.0
231,294,0.0
231,269,0.0
232,561,3.0
232,562,0.0
232,563,0.0
232,564,0.0
232,565,0.0
232,566,0.0
232,567,0.0
232,568,0.0
232,569,0.0
232,536,1.0
232,537,1.0
232,538,1.0
232,539,1.0
232,543,0.0
232,552,0.0
232,294,0.0
232,269,0.0
233,568,3.0
233,564,3.0
233,566,3.0
233,561,0.0
233,562,0.0
233,563,0.0
233,565,0.0
233,567,0.0
233,569,0.0
233,536,1.0
233,537,1.0
233,538,1.0
233,539,1.0
233,546,0.0
233,548,0.0
233,555,0.0
233,559,0.0
234,568,3.0
234,564,3.0
234,566,3.0
234,561,0.0
234,562,0.0
234,563,0.0
234,565,0.0
234,567,0.0
234,569,0.0
234,536,1.0
234,537,1.0
234,538,1.0
234,539,1.0
234,546,0.0
234,548,0.0
234,555,0.0
234,559,0.0
235,562,3.0
235,561,0.0
235,563,2.0
235,564,0.0
235,565,0.0
235,566,0.0
235,567,0.0
235,568,0.0
235,569,0.0
235,536,1.0
235,537,1.0
235,538,1.0
235,539,1.0
235,544,0.0
235,553,0.0
235,270,0.0
235,295,0.0
236,562,3.0
236,561,0.0
236,563,2.0
236,564,0.0
236,565,0.0
236,566,0.0
236,567,0.0
236,568,0.0
236,569,0.0
236,536,1.0
236,537,1.0
236,538,1.0
236,539,1.0
236,544,0.0
236,553,0.0
236,270,0.0
236,295,0.0
237,563,3.0
237,561,0.0
237,562,2.0
237,564,0.0
237,565,0.0
237,566,0.0
237,567,0.0
237,568,0.0
237,569,0.0
237,536,1.0
237,537,1.0
237,538,1.0
237,539,1.0
237,545,0.0
237,554,0.0
237,326,0.0
237,296,0.0
238,563,3.0
238,561,0.0
238,562,2.0
238,564,0.0
238,565,0.0
238,566,0.0
238,567,0.0
238,568,0.0
238,569,0.0
238,536,1.0
238,537,1.0
238,538,1.0
238,539,1.0
238,545,0.0
238,554,0.0
238,326,0.0
238,296,0.0
239,569,3.0
239,565,3.0
239,567,3.0
239,561,0.0
239,562,0.0
239,563,0.0
239,564,0.0
239,566,0.0
239,568,0.0
239,536,1.0
239,537,1.0
239,538,1.0
239,539,1.0
239,547,0.0
239,549,0.0
239,556,0.0
239,560,0.0
240,569,3.0
240,565,3.0
240,567,3.0
240,561,0.0
240,562,0.0
240,563,0.0
240,564,0.0
240,566,0.0
240,568,0.0
240,536,1.0
240,537,1.0
240,538,1.0
240,539,1.0
240,547,0.0
240,549,0.0
240,556,0.0
240,560,0.0
241,573,3.0
241,575,3.0
241,576,2.0
241,571,0.0
241,572,0.0
241,574,2.0
241,48,0.0
241,47,0.0
241,46,0.0
241,45,0.0
242,573,3.0
242,575,3.0
242,576,2.0
242,571,0.0
242,572,0.0
242,574,2.0
242,48,0.0
242,47,0.0
242,46,0.0
242,45,0.0
243,571,3.0
243,576,0.0
243,572,0.0
243,573,0.0
243,574,0.0
243,575,0.0
243,585,0.0
243,44,0.0
243,43,0.0
243,46,0.0
244,571,3.0
244,576,0.0
244,572,0.0
244,573,0.0
244,574,0.0
244,575,0.0
244,585,0.0
244,44,0.0
244,43,0.0
244,46,0.0
245,572,3.0
245,576,0.0
245,571,0.0
245,573,0.0
245,574,0.0
245,575,0.0
245,44,0.0
245,43,0.0
245,46,0.0
245,48,0.0
246,572,3.0
246,576,0.0
246,571,0.0
246,573,0.0
246,574,0.0
246,575,0.0
246,44,0.0
246,43,0.0
246,46,0.0
246,48,0.0
247,576,3.0
247,574,3.0
247,571,0.0
247,572,0.0
247,573,2.0
247,575,2.0
247,48,0.0
247,46,0.0
247,284,0.0
247,47,0.0
248,576,3.0
248,574,3.0
248,571,0.0
248,572,0.0
248,573,2.0
248,575,2.0
248,48,0.0
248,46,0.0
248,284,0.0
248,47,0.0
249,608,3.0
249,604,3.0
249,606,3.0
249,609,2.0
249,602,0.0
249,603,0.0
249,605,2.0
249,607,2.0
249,207,0.0
249,616,0.0
249,412,0.0
249,600,0.0
250,608,3.0
250,604,3.0
250,606,3.0
250,609,2.0
250,602,0.0
250,603,0.0
250,605,2.0
250,607,2.0
250,207,0.0
250,616,0.0
250,412,0.0
250,600,0.0
251,602,3.0
251,608,0.0
251,609,0.0
251,603,0.0
251,604,0.0
251,605,0.0
251,606,0.0
251,607,0.0
251,618,0.0
251,635,0.0
251,610,0.0
251,593,0.0
252,602,3.0
252,608,0.0
252,609,0.0
252,603,0.0
252,604,0.0
252,605,0.0
252,606,0.0
252,607,0.0
252,618,0.0
252,635,0.0
252,610,0.0
252,593,0.0
253,603,3.0
253,608,0.0
253,609,0.0
253,602,0.0
253,604,0.0
253,605,0.0
253,606,0.0
253,607,0.0
253,611,0.0
253,50,0.0
253,619,0.0
253,594,0.0
254,603,3.0
254,608,0.0
254,609,0.0
254,602,0.0
254,604,0.0
254,605,0.0
254,606,0.0
254,607,0.0
254,611,0.0
254,50,0.0
254,619,0.0
254,594,0.0
255,609,3.0
255,605,3.0
255,607,3.0
255,608,2.0
255,602,0.0
255,603,0.0
255,604,2.0
255,606,2.0
255,592,0.0
255,623,0.0
255,621,0.0
255,412,0.0
256,609,3.0
256,605,3.0
256,607,3.0
256,608,2.0
256,602,0.0
256,603,0.0
256,604,2.0
256,606,2.0
256,592,0.0
256,623,0.0
256,621,0.0
256,412,0.0
257,616,3.0
257,612,3.0
257,614,3.0
257,610,0.0
257,611,0.0
257,613,2.0
257,615,2.0
257,617,2.0
257,622,0.0
257,623,0.0
257,620,0.0
257,621,0.0
258,616,3.0
258,612,3.0
258,614,3.0
258,610,0.0
258,611,0.0
258,613,2.0
258,615,2.0
258,617,2.0
258,622,0.0
258,623,0.0
258,620,0.0
258,621,0.0
259,610,3.0
259,611,0.0
259,612,0.0
259,613,0.0
259,614,0.0
259,615,0.0
259,616,0.0
259,617,0.0
259,618,0.0
259,619,0.0
259,593,0.0
259,110,0.0
260,610,3.0
260,611,0.0
260,612,0.0
260,613,0.0
260,614,0.0
260,615,0.0
260,616,0.0
260,617,0.0
260,618,0.0
260,619,0.0
260,593,0.0
260,110,0.0
261,611,3.0
261,610,0.0
261,612,0.0
261,613,0.0
261,614,0.0
261,615,0.0
261,616,0.0
261,617,0.0
261,619,0.0
261,618,0.0
261,594,0.0
261,621,0.0
262,611,3.0
262,610,0.0
262,612,0.0
262,613,0.0
262,614,0.0
262,615,0.0
262,616,0.0
262,617,0.0
262,619,0.0
262,618,0.0
262,594,0.0
262,621,0.0
263,617,3.0
263,613,3.0
263,615,3.0
263,610,0.0
263,611,0.0
263,612,2.0
263,614,2.0
263,616,2.0
263,623,0.0
263,621,0.0
263,622,0.0
263,122,0.0
264,617,3.0
264,613,3.0
264,615,3.0
264,610,0.0
264,611,0.0
264,612,2.0
264,614,2.0
264,616,2.0
264,623,0.0
264,621,0.0
264,622,0.0
264,122,0.0
265,624,3.0
265,620,3.0
265,622,3.0
265,618,0.0
265,619,0.0
265,621,2.0
265,623,2.0
265,625,2.0
265,616,0.0
265,617,0.0
265,612,0.0
265,613,0.0
266,624,3.0
266,620,3.0
266,622,3.0
266,618,0.0
266,619,0.0
266,621,2.0
266,623,2.0
266,625,2.0
266,616,0.0
266,617,0.0
266,612,0.0
266,613,0.0
267,618,3.0
267,619,0.0
267,620,0.0
267,621,0.0
267,622,0.0
267,623,0.0
267,624,0.0
267,625,0.0
267,610,0.0
267,611,0.0
267,602,0.0
267,577,0.0
268,618,3.0
268,619,0.0
268,620,0.0
268,621,0.0
268,622,0.0
268,623,0.0
268,624,0.0
268,625,0.0
268,610,0.0
268,611,0.0
268,602,0.0
268,577,0.0
269,619,3.0
269,618,0.0
269,620,0.0
269,621,0.0
269,622,0.0
269,623,0.0
269,624,0.0
269,625,0.0
269,610,0.0
269,611,0.0
269,134,0.0
269,627,0.0
270,619,3.0
270,618,0.0
270,620,0.0
270,621,0.0
270,622,0.0
270,623,0.0
270,624,0.0
270,625,0.0
270,610,0.0
270,611,0.0
270,134,0.0
270,627,0.0
271,625,3.0
271,621,3.0
271,623,3.0
271,618,0.0
271,619,0.0
271,620,2.0
271,622,2.0
271,624,2.0
271,148,0.0
271,140,0.0
271,146,0.0
271,139,0.0
272,625,3.0
272,621,3.0
272,623,3.0
272,618,0.0
272,619,0.0
272,620,2.0
272,622,2.0
272,624,2.0
272,148,0.0
272,140,0.0
272,146,0.0
272,139,0.0
273,628,3.0
273,630,3.0
273,626,0.0
273,627,0.0
273,629,2.0
273,631,2.0
273,158,0.0
273,157,0.0
273,156,0.0
273,446,0.0
274,628,3.0
274,630,3.0
274,626,0.0
274,627,0.0
274,629,2.0
274,631,2.0
274,158,0.0
274,157,0.0
274,156,0.0
274,446,0.0
275,626,3.0
275,627,0.0
275,628,0.0
275,629,0.0
275,630,0.0
275,631,0.0
275,153,0.0
275,593,0.0
275,27,0.0
275,577,0.0
276,626,3.0
276,627,0.0
276,628,0.0
276,629,0.0
276,630,0.0
276,631,0.0
276,153,0.0
276,593,0.0
276,27,0.0
276,577,0.0
277,627,3.0
277,626,0.0
277,628,0.0
277,629,0.0
277,630,0.0
277,631,0.0
277,153,0.0
277,619,0.0
277,27,0.0
277,234,0.0
278,627,3.0
278,626,0.0
278,628,0.0
278,629,0.0
278,630,0.0
278,631,0.0
278,153,0.0
278,619,0.0
278,27,0.0
278,234,0.0
279,629,3.0
279,631,3.0
279,626,0.0
279,627,0.0
279,628,2.0
279,630,2.0
279,158,0.0
279,156,0.0
279,157,0.0
279,446,0.0
280,629,3.0
280,631,3.0
280,626,0.0
280,627,0.0
280,628,2.0
280,630,2.0
280,158,0.0
280,156,0.0
280,157,0.0
280,446,0.0
281,643,3.0
281,651,0.0
281,215,0.0
281,42,0.0
281,220,0.0
282,643,3.0
282,651,0.0
282,215,0.0
282,42,0.0
282,220,0.0
283,645,3.0
283,652,0.0
283,653,0.0
283,651,0.0
283,647,0.0
284,645,3.0
284,652,0.0
284,653,0.0
284,651,0.0
284,647,0.0
285,654,3.0
285,189,0.0
285,192,0.0
285,650,0.0
285,652,0.0
286,654,3.0
286,189,0.0
286,192,0.0
286,650,0.0
286,652,0.0
287,656,3.0
287,657,2.0
287,658,0.0
287,659,0.0
287,660,0.0
287,381,0.0
287,342,0.0
287,365,0.0
287,333,0.0
288,656,3.0
288,657,2.0
288,658,0.0
288,659,0.0
288,660,0.0
288,381,0.0
288,342,0.0
288,365,0.0
288,333,0.0
289,658,3.0
289,659,3.0
289,660,3.0
289,656,0.0
289,657,0.0
289,670,0.0
289,665,0.0
289,669,0.0
289,664,0.0
290,658,3.0
290,659,3.0
290,660,3.0
290,656,0.0
290,657,0.0
290,670,0.0
290,665,0.0
290,669,0.0
290,664,0.0
291,657,3.0
291,656,2.0
291,658,0.0
291,659,0.0
291,660,0.0
291,662,0.0
291,381,0.0
291,342,0.0
291,365,0.0
292,657,3.0
292,656,2.0
292,658,0.0
292,659,0.0
292,660,0.0
292,662,0.0
292,381,0.0
292,342,0.0
292,365,0.0
293,661,3.0
293,664,0.0
293,665,0.0
293,662,2.0
293,663,0.0
293,671,0.0
293,666,0.0
293,676,0.0
293,656,0.0
294,661,3.0
294,664,0.0
294,665,0.0
294,662,2.0
294,663,0.0
294,671,0.0
294,666,0.0
294,676,0.0
294,656,0.0
295,664,3.0
295,665,3.0
295,663,3.0
295,661,0.0
295,662,0.0
295,679,0.0
295,680,0.0
295,684,0.0
295,685,0.0
296,664,3.0
296,665,3.0
296,663,3.0
296,661,0.0
296,662,0.0
296,679,0.0
296,680,0.0
296,684,0.0
296,685,0.0
297,662,3.0
297,664,0.0
297,665,0.0
297,661,2.0
297,663,0.0
297,657,0.0
297,677,0.0
297,672,0.0
297,682,0.0
298,662,3.0
298,664,0.0
298,665,0.0
298,661,2.0
298,663,0.0
298,657,0.0
298,677,0.0
298,672,0.0
298,682,0.0
299,671,3.0
299,672,2.0
299,673,0.0
299,674,0.0
299,675,0.0
299,666,0.0
299,661,0.0
299,676,0.0
299,681,0.0
300,671,3.0
300,672,2.0
300,673,0.0
300,674,0.0
300,675,0.0
300,666,0.0
300,661,0.0
300,676,0.0
300,681,0.0
301,673,3.0
301,674,3.0
301,675,3.0
301,672,0.0
301,671,0.0
301,670,0.0
301,665,0.0
301,680,0.0
301,669,0.0
302,673,3.0
302,674,3.0
302,675,3.0
302,672,0.0
302,671,0.0
302,670,0.0
302,665,0.0
302,680,0.0
302,669,0.0
303,672,3.0
303,673,0.0
303,674,0.0
303,675,0.0
303,671,2.0
303,662,0.0
303,677,0.0
303,667,0.0
303,682,0.0
304,672,3.0
304,673,0.0
304,674,0.0
304,675,0.0
304,671,2.0
304,662,0.0
304,677,0.0
304,667,0.0
304,682,0.0
305,686,3.0
305,694,0.0
305,693,0.0
305,687,0.0
305,192,0.0
306,686,3.0
306,694,0.0
306,693,0.0
306,687,0.0
306,192,0.0
307,687,3.0
307,690,0.0
307,693,0.0
307,686,0.0
307,223,0.0
308,687,3.0
308,690,0.0
308,693,0.0
308,686,0.0
308,223,0.0
